FlightNumber,Date,BoosterVersion,PayloadMass,Orbit,LaunchSite,Outcome,Flights,GridFins,Reused,Legs,LandingPad,Block,ReusedCount,Serial,Longitude,Latitude
1,04-06-2010,Falcon 9,8191,LEO,CCSFS SLC 40,None None,1,FALSE,FALSE,FALSE,NaN,1,0,B0003,-80.577366,28.5618571
2,22-05-2012,Falcon 9,525,LEO,CCSFS SLC 40,None None,1,FALSE,FALSE,FALSE,NaN,1,0,B0005,-80.577366,28.5618571
3,01-03-2013,Falcon 9,677,ISS,CCSFS SLC 40,None None,1,FALSE,FALSE,FALSE,NaN,1,0,B0007,-80.577366,28.5618571
4,29-09-2013,Falcon 9,500,PO,VAFB SLC 4E,False Ocean,1,FALSE,FALSE,FALSE,NaN,1,0,B1003,-120.610829,34.632093
5,03-12-2013,Falcon 9,3170,GTO,CCSFS SLC 40,None None,1,FALSE,FALSE,FALSE,NaN,1,0,B1004,-80.577366,28.5618571
6,06-01-2014,Falcon 9,3325,GTO,CCSFS SLC 40,None None,1,FALSE,FALSE,FALSE,NaN,1,0,B1005,-80.577366,28.5618571
7,18-04-2014,Falcon 9,2296,ISS,CCSFS SLC 40,True Ocean,1,FALSE,FALSE,TRUE,NaN,1,0,B1006,-80.577366,28.5618571
8,14-07-2014,Falcon 9,1316,LEO,CCSFS SLC 40,True Ocean,1,FALSE,FALSE,TRUE,NaN,1,0,B1007,-80.577366,28.5618571
9,05-08-2014,Falcon 9,4535,GTO,CCSFS SLC 40,None None,1,FALSE,FALSE,FALSE,NaN,1,0,B1008,-80.577366,28.5618571
10,07-09-2014,Falcon 9,4428,GTO,CCSFS SLC 40,None None,1,FALSE,FALSE,FALSE,NaN,1,0,B1011,-80.577366,28.5618571
11,21-09-2014,Falcon 9,2216,ISS,CCSFS SLC 40,False Ocean,1,FALSE,FALSE,FALSE,NaN,1,0,B1010,-80.577366,28.5618571
12,10-01-2015,Falcon 9,2395,ISS,CCSFS SLC 40,False ASDS,1,TRUE,FALSE,TRUE,5e9e3032383ecb761634e7cb,1,0,B1012,-80.577366,28.5618571
13,11-02-2015,Falcon 9,570,ES-L1,CCSFS SLC 40,True Ocean,1,TRUE,FALSE,TRUE,NaN,1,0,B1013,-80.577366,28.5618571
14,14-04-2015,Falcon 9,1898,ISS,CCSFS SLC 40,False ASDS,1,TRUE,FALSE,TRUE,5e9e3032383ecb761634e7cb,1,0,B1015,-80.577366,28.5618571
15,27-04-2015,Falcon 9,4707,GTO,CCSFS SLC 40,None None,1,FALSE,FALSE,FALSE,NaN,1,0,B1016,-80.577366,28.5618571
16,28-06-2015,Falcon 9,2477,ISS,CCSFS SLC 40,None ASDS,1,TRUE,FALSE,TRUE,5e9e3032383ecb6bb234e7ca,1,0,B1018,-80.577366,28.5618571
17,22-12-2015,Falcon 9,2034,LEO,CCSFS SLC 40,True RTLS,1,TRUE,FALSE,TRUE,5e9e3032383ecb267a34e7c7,1,0,B1019,-80.577366,28.5618571
18,17-01-2016,Falcon 9,553,PO,VAFB SLC 4E,False ASDS,1,TRUE,FALSE,TRUE,5e9e3033383ecbb9e534e7cc,1,0,B1017,-120.610829,34.632093
19,04-03-2016,Falcon 9,5271,GTO,CCSFS SLC 40,False ASDS,1,TRUE,FALSE,TRUE,5e9e3032383ecb6bb234e7ca,1,0,B1020,-80.577366,28.5618571
20,08-04-2016,Falcon 9,3136,ISS,CCSFS SLC 40,True ASDS,1,TRUE,FALSE,TRUE,5e9e3032383ecb6bb234e7ca,2,1,B1021,-80.577366,28.5618571
21,06-05-2016,Falcon 9,4696,GTO,CCSFS SLC 40,True ASDS,1,TRUE,FALSE,TRUE,5e9e3032383ecb6bb234e7ca,2,0,B1022,-80.577366,28.5618571
22,27-05-2016,Falcon 9,3100,GTO,CCSFS SLC 40,True ASDS,1,TRUE,FALSE,TRUE,5e9e3032383ecb6bb234e7ca,2,1,B1023,-80.577366,28.5618571
23,18-07-2016,Falcon 9,2257,ISS,CCSFS SLC 40,True RTLS,1,TRUE,FALSE,TRUE,5e9e3032383ecb267a34e7c7,2,1,B1025,-80.577366,28.5618571
24,14-08-2016,Falcon 9,4600,GTO,CCSFS SLC 40,True ASDS,1,TRUE,FALSE,TRUE,5e9e3032383ecb6bb234e7ca,2,0,B1026,-80.577366,28.5618571
25,01-09-2016,Falcon 9,5500,GTO,CCSFS SLC 40,None ASDS,1,TRUE,FALSE,TRUE,5e9e3032383ecb6bb234e7ca,3,0,B1028,-80.577366,28.5618571
26,14-01-2017,Falcon 9,9600,PO,VAFB SLC 4E,True ASDS,1,TRUE,FALSE,TRUE,5e9e3033383ecbb9e534e7cc,3,1,B1029,-120.610829,34.632093
27,19-02-2017,Falcon 9,2490,ISS,KSC LC 39A,True RTLS,1,TRUE,FALSE,TRUE,5e9e3032383ecb267a34e7c7,3,1,B1031,-80.6039558,28.6080585
28,16-03-2017,Falcon 9,5600,GTO,KSC LC 39A,None None,1,FALSE,FALSE,FALSE,NaN,3,0,B1030,-80.6039558,28.6080585
29,30-03-2017,Falcon 9,5300,GTO,KSC LC 39A,True ASDS,2,TRUE,TRUE,TRUE,5e9e3032383ecb6bb234e7ca,2,1,B1021,-80.6039558,28.6080585
30,01-05-2017,Falcon 9,8191,LEO,KSC LC 39A,True RTLS,1,TRUE,FALSE,TRUE,5e9e3032383ecb267a34e7c7,3,1,B1032,-80.6039558,28.6080585
31,15-05-2017,Falcon 9,6070,GTO,KSC LC 39A,None None,1,FALSE,FALSE,FALSE,NaN,3,0,B1034,-80.6039558,28.6080585
32,03-06-2017,Falcon 9,2708,ISS,KSC LC 39A,True RTLS,1,TRUE,FALSE,TRUE,5e9e3032383ecb267a34e7c7,3,1,B1035,-80.6039558,28.6080585
33,23-06-2017,Falcon 9,3669,GTO,KSC LC 39A,True ASDS,2,TRUE,TRUE,TRUE,5e9e3032383ecb6bb234e7ca,3,1,B1029,-80.6039558,28.6080585
34,25-06-2017,Falcon 9,9600,PO,VAFB SLC 4E,True ASDS,1,TRUE,FALSE,TRUE,5e9e3033383ecbb9e534e7cc,3,1,B1036,-120.610829,34.632093
35,05-07-2017,Falcon 9,6761,GTO,KSC LC 39A,None None,1,FALSE,FALSE,FALSE,NaN,3,0,B1037,-80.6039558,28.6080585
36,14-08-2017,Falcon 9,2910,ISS,KSC LC 39A,True RTLS,1,TRUE,FALSE,TRUE,5e9e3032383ecb267a34e7c7,4,1,B1039,-80.6039558,28.6080585
37,24-08-2017,Falcon 9,475,SSO,VAFB SLC 4E,True ASDS,1,TRUE,FALSE,TRUE,5e9e3033383ecbb9e534e7cc,3,1,B1038,-120.610829,34.632093
38,07-09-2017,Falcon 9,4990,LEO,KSC LC 39A,True RTLS,1,TRUE,FALSE,TRUE,5e9e3032383ecb267a34e7c7,4,1,B1040,-80.6039558,28.6080585
39,09-10-2017,Falcon 9,9600,PO,VAFB SLC 4E,True ASDS,1,TRUE,FALSE,TRUE,5e9e3033383ecbb9e534e7cc,4,1,B1041,-120.610829,34.632093
40,11-10-2017,Falcon 9,5200,GTO,KSC LC 39A,True ASDS,2,TRUE,TRUE,TRUE,5e9e3032383ecb6bb234e7ca,3,1,B1031,-80.6039558,28.6080585
41,30-10-2017,Falcon 9,3700,GTO,KSC LC 39A,True ASDS,1,TRUE,FALSE,TRUE,5e9e3032383ecb6bb234e7ca,4,0,B1042,-80.6039558,28.6080585
42,15-12-2017,Falcon 9,2205,ISS,CCSFS SLC 40,True RTLS,2,TRUE,TRUE,TRUE,5e9e3032383ecb267a34e7c7,3,1,B1035,-80.577366,28.5618571
43,23-12-2017,Falcon 9,9600,PO,VAFB SLC 4E,True Ocean,2,TRUE,TRUE,FALSE,NaN,3,1,B1036,-120.610829,34.632093
44,08-01-2018,Falcon 9,8191,LEO,CCSFS SLC 40,True RTLS,1,TRUE,FALSE,TRUE,5e9e3032383ecb267a34e7c7,4,1,B1043,-80.577366,28.5618571
45,31-01-2018,Falcon 9,4230,GTO,CCSFS SLC 40,True Ocean,2,TRUE,TRUE,TRUE,NaN,3,1,B1032,-80.577366,28.5618571
46,06-03-2018,Falcon 9,6092,GTO,CCSFS SLC 40,None None,1,TRUE,FALSE,TRUE,NaN,4,0,B1044,-80.577366,28.5618571
47,30-03-2018,Falcon 9,9600,PO,VAFB SLC 4E,None None,2,TRUE,TRUE,TRUE,NaN,4,1,B1041,-120.610829,34.632093
48,02-04-2018,Falcon 9,2760,ISS,CCSFS SLC 40,None None,2,TRUE,TRUE,TRUE,NaN,4,1,B1039,-80.577366,28.5618571
49,18-04-2018,Falcon 9,350,HEO,CCSFS SLC 40,True ASDS,1,TRUE,FALSE,TRUE,5e9e3032383ecb6bb234e7ca,4,1,B1045,-80.577366,28.5618571
50,11-05-2018,Falcon 9,3750,GTO,KSC LC 39A,True ASDS,1,TRUE,FALSE,TRUE,5e9e3032383ecb6bb234e7ca,5,3,B1046,-80.6039558,28.6080585
51,04-06-2018,Falcon 9,5383.85,GTO,CCSFS SLC 40,None None,2,FALSE,TRUE,FALSE,NaN,4,1,B1040,-80.577366,28.5618571
52,29-06-2018,Falcon 9,2410,ISS,CCSFS SLC 40,None None,2,FALSE,TRUE,FALSE,NaN,4,1,B1045,-80.577366,28.5618571
53,22-07-2018,Falcon 9,7076,GTO,CCSFS SLC 40,True ASDS,1,TRUE,FALSE,TRUE,5e9e3032383ecb6bb234e7ca,5,2,B1047,-80.577366,28.5618571
54,25-07-2018,Falcon 9,9600,PO,VAFB SLC 4E,True ASDS,1,TRUE,FALSE,TRUE,5e9e3033383ecbb9e534e7cc,5,4,B1048,-120.610829,34.632093
55,07-08-2018,Falcon 9,5800,GTO,CCSFS SLC 40,True ASDS,2,TRUE,TRUE,TRUE,5e9e3032383ecb6bb234e7ca,5,3,B1046,-80.577366,28.5618571
56,10-09-2018,Falcon 9,7060,GTO,CCSFS SLC 40,True ASDS,1,TRUE,FALSE,TRUE,5e9e3032383ecb6bb234e7ca,5,9,B1049,-80.577366,28.5618571
57,08-10-2018,Falcon 9,2800,SSO,VAFB SLC 4E,True RTLS,2,TRUE,TRUE,TRUE,5e9e3032383ecb554034e7c9,5,4,B1048,-120.610829,34.632093
58,15-11-2018,Falcon 9,3000,GTO,KSC LC 39A,True ASDS,2,TRUE,TRUE,TRUE,5e9e3032383ecb6bb234e7ca,5,2,B1047,-80.6039558,28.6080585
59,03-12-2018,Falcon 9,4000,SSO,VAFB SLC 4E,True ASDS,3,TRUE,TRUE,TRUE,5e9e3033383ecbb9e534e7cc,5,3,B1046,-120.610829,34.632093
60,05-12-2018,Falcon 9,2573,ISS,CCSFS SLC 40,False RTLS,1,TRUE,FALSE,TRUE,5e9e3032383ecb267a34e7c7,5,0,B1050,-80.577366,28.5618571
61,23-12-2018,Falcon 9,4400,MEO,CCSFS SLC 40,None None,1,FALSE,FALSE,FALSE,NaN,5,0,B1054,-80.577366,28.5618571
62,11-01-2019,Falcon 9,9600,PO,VAFB SLC 4E,True ASDS,2,TRUE,TRUE,TRUE,5e9e3033383ecbb9e534e7cc,5,9,B1049,-120.610829,34.632093
63,02-03-2019,Falcon 9,12259,ISS,KSC LC 39A,True ASDS,1,TRUE,FALSE,TRUE,5e9e3032383ecb6bb234e7ca,5,12,B1051,-80.6039558,28.6080585
64,04-05-2019,Falcon 9,2482,ISS,CCSFS SLC 40,True ASDS,1,TRUE,FALSE,TRUE,5e9e3032383ecb6bb234e7ca,5,3,B1056,-80.577366,28.5618571
65,24-05-2019,Falcon 9,13200,VLEO,CCSFS SLC 40,True ASDS,3,TRUE,TRUE,TRUE,5e9e3032383ecb6bb234e7ca,5,9,B1049,-80.577366,28.5618571
66,12-06-2019,Falcon 9,1425,SSO,VAFB SLC 4E,True RTLS,2,TRUE,TRUE,TRUE,5e9e3032383ecb554034e7c9,5,12,B1051,-120.610829,34.632093
67,25-07-2019,Falcon 9,2227.7,ISS,CCSFS SLC 40,True RTLS,2,TRUE,TRUE,TRUE,5e9e3032383ecb267a34e7c7,5,3,B1056,-80.577366,28.5618571
68,06-08-2019,Falcon 9,6500,GTO,CCSFS SLC 40,None None,3,FALSE,TRUE,FALSE,NaN,5,2,B1047,-80.577366,28.5618571
69,11-11-2019,Falcon 9,15600,VLEO,CCSFS SLC 40,True ASDS,4,TRUE,TRUE,TRUE,5e9e3032383ecb6bb234e7ca,5,4,B1048,-80.577366,28.5618571
70,05-12-2019,Falcon 9,5000,ISS,CCSFS SLC 40,True ASDS,1,TRUE,FALSE,TRUE,5e9e3032383ecb6bb234e7ca,5,5,B1059,-80.577366,28.5618571
71,17-12-2019,Falcon 9,6800,GTO,CCSFS SLC 40,True ASDS,3,TRUE,TRUE,TRUE,5e9e3032383ecb6bb234e7ca,5,3,B1056,-80.577366,28.5618571
72,07-01-2020,Falcon 9,15600,VLEO,CCSFS SLC 40,True ASDS,4,TRUE,TRUE,TRUE,5e9e3032383ecb6bb234e7ca,5,9,B1049,-80.577366,28.5618571
73,19-01-2020,Falcon 9,8191,SO,KSC LC 39A,None None,4,FALSE,TRUE,FALSE,NaN,5,3,B1046,-80.6039558,28.6080585
74,29-01-2020,Falcon 9,15600,VLEO,CCSFS SLC 40,True ASDS,3,TRUE,TRUE,TRUE,5e9e3032383ecb6bb234e7ca,5,12,B1051,-80.577366,28.5618571
75,17-02-2020,Falcon 9,15600,VLEO,CCSFS SLC 40,False ASDS,4,TRUE,TRUE,TRUE,5e9e3032383ecb6bb234e7ca,5,3,B1056,-80.577366,28.5618571
76,07-03-2020,Falcon 9,1977,ISS,CCSFS SLC 40,True RTLS,2,TRUE,TRUE,TRUE,5e9e3032383ecb267a34e7c7,5,5,B1059,-80.577366,28.5618571
77,18-03-2020,Falcon 9,15600,VLEO,KSC LC 39A,False ASDS,5,TRUE,TRUE,TRUE,5e9e3032383ecb6bb234e7ca,5,4,B1048,-80.6039558,28.6080585
78,22-04-2020,Falcon 9,15600,VLEO,KSC LC 39A,True ASDS,4,TRUE,TRUE,TRUE,5e9e3032383ecb6bb234e7ca,5,12,B1051,-80.6039558,28.6080585
79,30-05-2020,Falcon 9,9525,ISS,KSC LC 39A,True ASDS,1,TRUE,FALSE,TRUE,5e9e3032383ecb6bb234e7ca,5,13,B1058,-80.6039558,28.6080585
80,04-06-2020,Falcon 9,15600,VLEO,CCSFS SLC 40,True ASDS,5,TRUE,TRUE,TRUE,5e9e3033383ecbb9e534e7cc,5,9,B1049,-80.577366,28.5618571
81,13-06-2020,Falcon 9,15600,VLEO,CCSFS SLC 40,True ASDS,3,TRUE,TRUE,TRUE,5e9e3032383ecb6bb234e7ca,5,5,B1059,-80.577366,28.5618571
82,30-06-2020,Falcon 9,3880,MEO,CCSFS SLC 40,True ASDS,1,TRUE,FALSE,TRUE,5e9e3033383ecbb9e534e7cc,5,12,B1060,-80.577366,28.5618571
83,20-07-2020,Falcon 9,8191,GEO,CCSFS SLC 40,True ASDS,2,TRUE,TRUE,TRUE,5e9e3033383ecbb9e534e7cc,5,13,B1058,-80.577366,28.5618571
84,18-08-2020,Falcon 9,15600,VLEO,CCSFS SLC 40,True ASDS,6,TRUE,TRUE,TRUE,5e9e3032383ecb6bb234e7ca,5,9,B1049,-80.577366,28.5618571
85,30-08-2020,Falcon 9,1600,SSO,CCSFS SLC 40,True RTLS,4,TRUE,TRUE,TRUE,5e9e3032383ecb267a34e7c7,5,5,B1059,-80.577366,28.5618571
86,03-09-2020,Falcon 9,15600,VLEO,KSC LC 39A,True ASDS,2,TRUE,TRUE,TRUE,5e9e3032383ecb6bb234e7ca,5,12,B1060,-80.6039558,28.6080585
87,06-10-2020,Falcon 9,15600,VLEO,KSC LC 39A,True ASDS,3,TRUE,TRUE,TRUE,5e9e3032383ecb6bb234e7ca,5,13,B1058,-80.6039558,28.6080585
88,18-10-2020,Falcon 9,15600,VLEO,KSC LC 39A,True ASDS,6,TRUE,TRUE,TRUE,5e9e3032383ecb6bb234e7ca,5,12,B1051,-80.6039558,28.6080585
89,24-10-2020,Falcon 9,15600,VLEO,CCSFS SLC 40,True ASDS,3,TRUE,TRUE,TRUE,5e9e3033383ecbb9e534e7cc,5,12,B1060,-80.577366,28.5618571
90,05-11-2020,Falcon 9,3681,MEO,CCSFS SLC 40,True ASDS,1,TRUE,FALSE,TRUE,5e9e3032383ecb6bb234e7ca,5,8,B1062,-80.577366,28.5618571
91,16-11-2020,Falcon 9,8191,ISS,KSC LC 39A,True ASDS,1,TRUE,FALSE,TRUE,5e9e3033383ecbb9e534e7cc,5,9,B1061,-80.6039558,28.6080585
92,21-11-2020,Falcon 9,1440,PO,VAFB SLC 4E,True RTLS,1,TRUE,FALSE,TRUE,5e9e3032383ecb554034e7c9,5,6,B1063,-120.610829,34.632093
93,25-11-2020,Falcon 9,15600,VLEO,CCSFS SLC 40,True ASDS,7,TRUE,TRUE,TRUE,5e9e3032383ecb6bb234e7ca,5,9,B1049,-80.577366,28.5618571
94,06-12-2020,Falcon 9,2972,ISS,KSC LC 39A,True ASDS,4,TRUE,TRUE,TRUE,5e9e3032383ecb6bb234e7ca,5,13,B1058,-80.6039558,28.6080585
95,13-12-2020,Falcon 9,7000,GTO,CCSFS SLC 40,True ASDS,7,TRUE,TRUE,TRUE,5e9e3033383ecbb9e534e7cc,5,12,B1051,-80.577366,28.5618571
96,19-12-2020,Falcon 9,8191,,KSC LC 39A,True RTLS,5,TRUE,TRUE,TRUE,5e9e3032383ecb267a34e7c7,5,5,B1059,-80.6039558,28.6080585
97,08-01-2021,Falcon 9,3500,GTO,CCSFS SLC 40,True ASDS,4,TRUE,TRUE,TRUE,5e9e3033383ecbb9e534e7cc,5,12,B1060,-80.577366,28.5618571
98,20-01-2021,Falcon 9,15600,VLEO,KSC LC 39A,True ASDS,8,TRUE,TRUE,TRUE,5e9e3033383ecbb9e534e7cc,5,12,B1051,-80.6039558,28.6080585
99,24-01-2021,Falcon 9,8191,SSO,CCSFS SLC 40,True ASDS,5,TRUE,TRUE,TRUE,5e9e3032383ecb6bb234e7ca,5,13,B1058,-80.577366,28.5618571
100,04-02-2021,Falcon 9,15600,VLEO,CCSFS SLC 40,True ASDS,5,TRUE,TRUE,TRUE,5e9e3032383ecb6bb234e7ca,5,12,B1060,-80.577366,28.5618571
101,16-02-2021,Falcon 9,15600,VLEO,CCSFS SLC 40,False ASDS,6,TRUE,TRUE,TRUE,5e9e3032383ecb6bb234e7ca,5,5,B1059,-80.577366,28.5618571
102,04-03-2021,Falcon 9,15600,VLEO,KSC LC 39A,True ASDS,8,TRUE,TRUE,TRUE,5e9e3032383ecb6bb234e7ca,5,9,B1049,-80.6039558,28.6080585
103,11-03-2021,Falcon 9,15600,VLEO,CCSFS SLC 40,True ASDS,6,TRUE,TRUE,TRUE,5e9e3033383ecbb9e534e7cc,5,13,B1058,-80.577366,28.5618571
104,14-03-2021,Falcon 9,15600,VLEO,KSC LC 39A,True ASDS,9,TRUE,TRUE,TRUE,5e9e3032383ecb6bb234e7ca,5,12,B1051,-80.6039558,28.6080585
105,24-03-2021,Falcon 9,15600,VLEO,CCSFS SLC 40,True ASDS,6,TRUE,TRUE,TRUE,5e9e3032383ecb6bb234e7ca,5,12,B1060,-80.577366,28.5618571
106,07-04-2021,Falcon 9,15600,VLEO,CCSFS SLC 40,True ASDS,7,TRUE,TRUE,TRUE,5e9e3032383ecb6bb234e7ca,5,13,B1058,-80.577366,28.5618571
107,23-04-2021,Falcon 9,8191,ISS,KSC LC 39A,True ASDS,2,TRUE,TRUE,TRUE,5e9e3032383ecb6bb234e7ca,5,9,B1061,-80.6039558,28.6080585
108,29-04-2021,Falcon 9,15600,VLEO,CCSFS SLC 40,True ASDS,7,TRUE,TRUE,TRUE,5e9e3033383ecbb9e534e7cc,5,12,B1060,-80.577366,28.5618571
109,04-05-2021,Falcon 9,15600,VLEO,KSC LC 39A,True ASDS,9,TRUE,TRUE,TRUE,5e9e3032383ecb6bb234e7ca,5,9,B1049,-80.6039558,28.6080585
110,09-05-2021,Falcon 9,15600,VLEO,CCSFS SLC 40,True ASDS,10,TRUE,TRUE,TRUE,5e9e3032383ecb6bb234e7ca,5,12,B1051,-80.577366,28.5618571
111,26-05-2021,Falcon 9,15600,VLEO,CCSFS SLC 40,True ASDS,2,TRUE,TRUE,TRUE,5e9e3033383ecbb9e534e7cc,5,6,B1063,-80.577366,28.5618571
112,03-06-2021,Falcon 9,3328,ISS,KSC LC 39A,True ASDS,1,TRUE,FALSE,TRUE,5e9e3032383ecb6bb234e7ca,5,5,B1067,-80.6039558,28.6080585
113,06-06-2021,Falcon 9,7000,GTO,CCSFS SLC 40,True ASDS,3,TRUE,TRUE,TRUE,5e9e3033383ecbb9e534e7cc,5,9,B1061,-80.577366,28.5618571
114,17-06-2021,Falcon 9,3681,MEO,CCSFS SLC 40,True ASDS,2,TRUE,TRUE,TRUE,5e9e3033383ecbb9e534e7cc,5,8,B1062,-80.577366,28.5618571
115,30-06-2021,Falcon 9,8191,SSO,CCSFS SLC 40,True RTLS,8,TRUE,TRUE,TRUE,5e9e3032383ecb267a34e7c7,5,12,B1060,-80.577366,28.5618571
116,29-08-2021,Falcon 9,8191,ISS,KSC LC 39A,True ASDS,4,TRUE,TRUE,TRUE,5e9e3033383ecb075134e7cd,5,9,B1061,-80.6039558,28.6080585
117,14-09-2021,Falcon 9,15600,PO,VAFB SLC 4E,True ASDS,10,TRUE,TRUE,TRUE,5e9e3032383ecb6bb234e7ca,5,9,B1049,-120.610829,34.632093
118,16-09-2021,Falcon 9,8191,LEO,KSC LC 39A,True ASDS,3,TRUE,TRUE,TRUE,5e9e3033383ecbb9e534e7cc,5,8,B1062,-80.6039558,28.6080585
119,11-11-2021,Falcon 9,12519,ISS,KSC LC 39A,True ASDS,2,TRUE,TRUE,TRUE,5e9e3033383ecb075134e7cd,5,5,B1067,-80.6039558,28.6080585
120,13-11-2021,Falcon 9,13260,LEO,CCSFS SLC 40,True ASDS,9,TRUE,TRUE,TRUE,5e9e3033383ecbb9e534e7cc,5,13,B1058,-80.577366,28.5618571
121,24-11-2021,Falcon 9,670,TLI,VAFB SLC 4E,True ASDS,2,TRUE,TRUE,TRUE,5e9e3032383ecb6bb234e7ca,5,6,B1063,-120.610829,34.632093
122,01-12-2021,Falcon 9,13260,PO,CCSFS SLC 40,True ASDS,9,TRUE,TRUE,TRUE,5e9e3033383ecb075134e7cd,5,12,B1060,-80.577366,28.5618571
123,09-12-2021,Falcon 9,330,LEO,KSC LC 39A,True ASDS,5,TRUE,TRUE,TRUE,5e9e3033383ecbb9e534e7cc,5,9,B1061,-80.6039558,28.6080585
124,18-12-2021,Falcon 9,13260,PO,VAFB SLC 4E,True ASDS,11,TRUE,TRUE,TRUE,5e9e3032383ecb6bb234e7ca,5,12,B1051,-120.610829,34.632093
125,19-12-2021,Falcon 9,3500,GTO,CCSFS SLC 40,True ASDS,3,TRUE,TRUE,TRUE,5e9e3033383ecb075134e7cd,5,5,B1067,-80.577366,28.5618571
126,21-12-2021,Falcon 9,8191,ISS,KSC LC 39A,True ASDS,1,TRUE,FALSE,TRUE,5e9e3033383ecbb9e534e7cc,5,1,B1069,-80.6039558,28.6080585
127,06-01-2022,Falcon 9,13260,VLEO,KSC LC 39A,True ASDS,4,TRUE,TRUE,TRUE,5e9e3033383ecb075134e7cd,5,8,B1062,-80.6039558,28.6080585
128,13-01-2022,Falcon 9,8191,LEO,CCSFS SLC 40,True RTLS,10,TRUE,TRUE,TRUE,5e9e3032383ecb267a34e7c7,5,13,B1058,-80.577366,28.5618571
129,19-01-2022,Falcon 9,13260,VLEO,KSC LC 39A,True ASDS,10,TRUE,TRUE,TRUE,5e9e3033383ecb075134e7cd,5,12,B1060,-80.6039558,28.6080585
130,31-01-2022,Falcon 9,2240,SSO,CCSFS SLC 40,True RTLS,3,TRUE,TRUE,TRUE,5e9e3032383ecb267a34e7c7,5,6,B1052,-80.577366,28.5618571
131,02-02-2022,Falcon 9,8191,LEO,VAFB SLC 4E,True RTLS,1,TRUE,FALSE,TRUE,5e9e3032383ecb554034e7c9,5,3,B1071,-120.610829,34.632093
132,03-02-2022,Falcon 9,13260,VLEO,KSC LC 39A,True ASDS,6,TRUE,TRUE,TRUE,5e9e3033383ecb075134e7cd,5,9,B1061,-80.6039558,28.6080585
133,21-02-2022,Falcon 9,13260,VLEO,CCSFS SLC 40,True ASDS,11,TRUE,TRUE,TRUE,5e9e3033383ecb075134e7cd,5,13,B1058,-80.577366,28.5618571
134,25-02-2022,Falcon 9,13260,VLEO,VAFB SLC 4E,True ASDS,4,TRUE,TRUE,TRUE,5e9e3032383ecb6bb234e7ca,5,6,B1063,-120.610829,34.632093
135,03-03-2022,Falcon 9,13260,VLEO,KSC LC 39A,True ASDS,11,TRUE,TRUE,TRUE,5e9e3033383ecbb9e534e7cc,5,12,B1060,-80.6039558,28.6080585
136,09-03-2022,Falcon 9,13260,VLEO,CCSFS SLC 40,True ASDS,4,TRUE,TRUE,TRUE,5e9e3033383ecb075134e7cd,5,6,B1052,-80.577366,28.5618571
137,19-03-2022,Falcon 9,13260,VLEO,CCSFS SLC 40,True ASDS,12,TRUE,TRUE,TRUE,5e9e3033383ecbb9e534e7cc,5,12,B1051,-80.577366,28.5618571
138,01-04-2022,Falcon 9,8191,SSO,CCSFS SLC 40,True ASDS,7,TRUE,TRUE,TRUE,5e9e3033383ecbb9e534e7cc,5,9,B1061,-80.577366,28.5618571
139,08-04-2022,Falcon 9,8191,ISS,KSC LC 39A,True ASDS,5,TRUE,TRUE,TRUE,5e9e3033383ecb075134e7cd,5,8,B1062,-80.6039558,28.6080585
140,17-04-2022,Falcon 9,8191,LEO,VAFB SLC 4E,True RTLS,2,TRUE,TRUE,TRUE,5e9e3032383ecb554034e7c9,5,3,B1071,-120.610829,34.632093
141,21-04-2022,Falcon 9,13260,VLEO,CCSFS SLC 40,True ASDS,12,TRUE,TRUE,TRUE,5e9e3033383ecbb9e534e7cc,5,12,B1060,-80.577366,28.5618571
142,27-04-2022,Falcon 9,8191,ISS,KSC LC 39A,True ASDS,4,TRUE,TRUE,TRUE,5e9e3033383ecb075134e7cd,5,5,B1067,-80.6039558,28.6080585
143,29-04-2022,Falcon 9,13260,VLEO,CCSFS SLC 40,True ASDS,6,TRUE,TRUE,TRUE,5e9e3033383ecbb9e534e7cc,5,8,B1062,-80.577366,28.5618571
144,06-05-2022,Falcon 9,13260,VLEO,KSC LC 39A,True ASDS,12,TRUE,TRUE,TRUE,5e9e3033383ecb075134e7cd,5,13,B1058,-80.6039558,28.6080585
145,13-05-2022,Falcon 9,13260,VLEO,VAFB SLC 4E,True ASDS,5,TRUE,TRUE,TRUE,5e9e3032383ecb6bb234e7ca,5,6,B1063,-120.610829,34.632093
146,14-05-2022,Falcon 9,13260,VLEO,CCSFS SLC 40,True ASDS,1,TRUE,FALSE,TRUE,5e9e3033383ecbb9e534e7cc,5,2,B1073,-80.577366,28.5618571
147,18-05-2022,Falcon 9,13260,VLEO,KSC LC 39A,True ASDS,5,TRUE,TRUE,TRUE,5e9e3033383ecb075134e7cd,5,6,B1052,-80.6039558,28.6080585
148,25-05-2022,Falcon 9,8191,SSO,CCSFS SLC 40,True RTLS,8,TRUE,TRUE,TRUE,5e9e3032383ecb267a34e7c7,5,9,B1061,-80.577366,28.5618571
149,08-06-2022,Falcon 9,3938,GEO,Kwajalein Atoll,True ASDS,7,TRUE,TRUE,TRUE,5e9e3033383ecbb9e534e7cc,5,8,B1062,167.7431292,9.0477206
150,01-06-2022,Falcon 9,13260,VLEO,Kwajalein Atoll,True ASDS,13,TRUE,TRUE,TRUE,5e9e3033383ecb075134e7cd,5,12,B1060,167.7431292,9.0477206
151,18-06-2022,Falcon 9,2200,SSO,Kwajalein Atoll,True RTLS,3,TRUE,TRUE,TRUE,5e9e3032383ecb554034e7c9,5,3,B1071,167.7431292,9.0477206
152,19-06-2022,Falcon 9,700,LEO,Kwajalein Atoll,True ASDS,9,TRUE,TRUE,TRUE,5e9e3033383ecbb9e534e7cc,5,9,B1061,167.7431292,9.0477206
153,29-06-2022,Falcon 9,3500,MEO,CCSFS SLC 40,True ASDS,2,TRUE,TRUE,TRUE,5e9e3033383ecb075134e7cd,5,2,B1073,-80.577366,28.5618571
154,07-07-2022,Falcon 9,13260,VLEO,CCSFS SLC 40,True ASDS,13,TRUE,TRUE,TRUE,5e9e3033383ecbb9e534e7cc,5,13,B1058,-80.577366,28.5618571
155,11-07-2022,Falcon 9,13260,VLEO,CCSFS SLC 40,True ASDS,6,TRUE,TRUE,TRUE,5e9e3032383ecb6bb234e7ca,5,6,B1063,-80.577366,28.5618571
156,15-07-2022,Falcon 9,8191,ISS,VAFB SLC 4E,True ASDS,5,TRUE,TRUE,TRUE,5e9e3033383ecb075134e7cd,5,5,B1067,-120.610829,34.632093
157,17-07-2022,Falcon 9,13260,VLEO,CCSFS SLC 40,True ASDS,13,TRUE,TRUE,TRUE,5e9e3033383ecbb9e534e7cc,5,12,B1051,-80.577366,28.5618571
158,21-07-2022,Falcon 9,13260,VLEO,CCSFS SLC 40,True ASDS,4,TRUE,TRUE,TRUE,5e9e3032383ecb6bb234e7ca,5,3,B1071,-80.577366,28.5618571
159,24-07-2022,Falcon 9,13260,VLEO,CCSFS SLC 40,True ASDS,8,TRUE,TRUE,TRUE,5e9e3033383ecb075134e7cd,5,8,B1062,-80.577366,28.5618571
160,04-08-2022,Falcon 9,678,TLI,CCSFS SLC 40,True ASDS,6,TRUE,TRUE,TRUE,5e9e3033383ecbb9e534e7cc,5,6,B1052,-80.577366,28.5618571
161,09-08-2022,Falcon 9,13260,VLEO,Kwajalein Atoll,True ASDS,3,TRUE,TRUE,TRUE,5e9e3033383ecb075134e7cd,5,2,B1073,167.7431292,9.0477206
162,12-08-2022,Falcon 9,13260,VLEO,Kwajalein Atoll,True ASDS,10,TRUE,TRUE,TRUE,5e9e3032383ecb6bb234e7ca,5,9,B1061,167.7431292,9.0477206
163,19-08-2022,Falcon 9,13260,VLEO,Kwajalein Atoll,True ASDS,9,TRUE,TRUE,TRUE,5e9e3033383ecb075134e7cd,5,8,B1062,167.7431292,9.0477206
164,28-08-2022,Falcon 9,13260,VLEO,Kwajalein Atoll,True ASDS,2,TRUE,TRUE,TRUE,5e9e3033383ecb075134e7cd,5,1,B1069,167.7431292,9.0477206
165,31-08-2022,Falcon 9,13260,VLEO,CCSFS SLC 40,True ASDS,7,TRUE,TRUE,TRUE,5e9e3032383ecb6bb234e7ca,5,6,B1063,-80.577366,28.5618571
166,17-09-2022,Falcon 9,13260,VLEO,CCSFS SLC 40,True ASDS,6,TRUE,TRUE,TRUE,5e9e3033383ecbb9e534e7cc,5,5,B1067,-80.577366,28.5618571
167,24-09-2022,Falcon 9,13260,VLEO,CCSFS SLC 40,True ASDS,4,TRUE,TRUE,TRUE,5e9e3033383ecbb9e534e7cc,5,0,B1072,-80.577366,28.5618571
168,05-10-2022,Falcon 9,8191,ISS,VAFB SLC 4E,True ASDS,1,TRUE,FALSE,TRUE,5e9e3033383ecbb9e534e7cc,5,0,B1077,-120.610829,34.632093
